aus,1
ind,0.677419355
pak,0.833333333
eng,0.857142857
sa,0.818181818
ban,0.219512195
nz,0.5
sl,0.714285714
wi,0.642857143